{
  "accuracy": 0.9642857142857143,
  "f1_score": 0.9467532467532468,
  "precision": 0.9298469387755103,
  "recall": 0.9642857142857143
}